DIA 1,SEMANA 1,MÊS 1,FERIADO 1,DIA 2,SEMANA 2,MÊS 2,FERIADO 2,DIA 3,SEMANA 3,MÊS 3,FERIADO 3,DIA 4,SEMANA 4,MÊS 4,FERIADO 4,DIA 5,SEMANA 5,MÊS 5,FERIADO 5,DIA 6,SEMANA 6,MÊS 6,FERIADO 6,DIA 7,SEMANA 7,MÊS 7,FERIADO 7
,,,,,,,,,,,,01,Quinta-feira,Janeiro,Ano novo,02,Sexta-feira,Janeiro,,03,Sábado,Janeiro,,04,Domingo,Janeiro,
05,Segunda-feira,Janeiro,,06,Terça-feira,Janeiro,,07,Quarta-feira,Janeiro,,08,Quinta-feira,Janeiro,,09,Sexta-feira,Janeiro,,10,Sábado,Janeiro,,11,Domingo,Janeiro,
12,Segunda-feira,Janeiro,,13,Terça-feira,Janeiro,,14,Quarta-feira,Janeiro,,15,Quinta-feira,Janeiro,,16,Sexta-feira,Janeiro,,17,Sábado,Janeiro,,18,Domingo,Janeiro,
19,Segunda-feira,Janeiro,,20,Terça-feira,Janeiro,,21,Quarta-feira,Janeiro,,22,Quinta-feira,Janeiro,,23,Sexta-feira,Janeiro,,24,Sábado,Janeiro,,25,Domingo,Janeiro,
26,Segunda-feira,Janeiro,,27,Terça-feira,Janeiro,,28,Quarta-feira,Janeiro,,29,Quinta-feira,Janeiro,,30,Sexta-feira,Janeiro,,31,Sábado,Janeiro,,,,,
,,,,,,,,,,,,,,,,,,,,,,,,01,Domingo,Fevereiro,
02,Segunda-feira,Fevereiro,,03,Terça-feira,Fevereiro,,04,Quarta-feira,Fevereiro,,05,Quinta-feira,Fevereiro,,06,Sexta-feira,Fevereiro,,07,Sábado,Fevereiro,,08,Domingo,Fevereiro,
09,Segunda-feira,Fevereiro,,10,Terça-feira,Fevereiro,,11,Quarta-feira,Fevereiro,,12,Quinta-feira,Fevereiro,,13,Sexta-feira,Fevereiro,,14,Sábado,Fevereiro,,15,Domingo,Fevereiro,
16,Segunda-feira,Fevereiro,Carnaval,17,Terça-feira,Fevereiro,,18,Quarta-feira,Fevereiro,,19,Quinta-feira,Fevereiro,,20,Sexta-feira,Fevereiro,,21,Sábado,Fevereiro,,22,Domingo,Fevereiro,
23,Segunda-feira,Fevereiro,,24,Terça-feira,Fevereiro,,25,Quarta-feira,Fevereiro,,26,Quinta-feira,Fevereiro,,27,Sexta-feira,Fevereiro,,28,Sábado,Fevereiro,,,,,
,,,,,,,,,,,,,,,,,,,,,,,,01,Domingo,Março,
02,Segunda-feira,Março,,03,Terça-feira,Março,,04,Quarta-feira,Março,,05,Quinta-feira,Março,,06,Sexta-feira,Março,,07,Sábado,Março,,08,Domingo,Março,
09,Segunda-feira,Março,,10,Terça-feira,Março,,11,Quarta-feira,Março,,12,Quinta-feira,Março,,13,Sexta-feira,Março,,14,Sábado,Março,,15,Domingo,Março,
16,Segunda-feira,Março,,17,Terça-feira,Março,,18,Quarta-feira,Março,,19,Quinta-feira,Março,,20,Sexta-feira,Março,,21,Sábado,Março,,22,Domingo,Março,
23,Segunda-feira,Março,,24,Terça-feira,Março,,25,Quarta-feira,Março,,26,Quinta-feira,Março,,27,Sexta-feira,Março,,28,Sábado,Março,,29,Domingo,Março,
30,Segunda-feira,Março,,31,Terça-feira,Março,,,,,,,,,,,,,,,,,,,,,
,,,,,,,,01,Quarta-feira,Abril,,02,Quinta-feira,Abril,,03,Sexta-feira,Abril,Paixão de Cristo,04,Sábado,Abril,,05,Domingo,Abril,
06,Segunda-feira,Abril,,07,Terça-feira,Abril,,08,Quarta-feira,Abril,,09,Quinta-feira,Abril,,10,Sexta-feira,Abril,,11,Sábado,Abril,,12,Domingo,Abril,
13,Segunda-feira,Abril,,14,Terça-feira,Abril,,15,Quarta-feira,Abril,,16,Quinta-feira,Abril,,17,Sexta-feira,Abril,,18,Sábado,Abril,,19,Domingo,Abril,
20,Segunda-feira,Abril,,21,Terça-feira,Abril,Tiradentes,22,Quarta-feira,Abril,,23,Quinta-feira,Abril,,24,Sexta-feira,Abril,,25,Sábado,Abril,,26,Domingo,Abril,
27,Segunda-feira,Abril,,28,Terça-feira,Abril,,29,Quarta-feira,Abril,,30,Quinta-feira,Abril,,,,,,,,,,,,,
,,,,,,,,,,,,,,,,01,Sexta-feira,Maio,Dia do Trabalho,02,Sábado,Maio,,03,Domingo,Maio,
04,Segunda-feira,Maio,,05,Terça-feira,Maio,,06,Quarta-feira,Maio,,07,Quinta-feira,Maio,,08,Sexta-feira,Maio,,09,Sábado,Maio,,10,Domingo,Maio,
11,Segunda-feira,Maio,,12,Terça-feira,Maio,,13,Quarta-feira,Maio,,14,Quinta-feira,Maio,,15,Sexta-feira,Maio,,16,Sábado,Maio,,17,Domingo,Maio,
18,Segunda-feira,Maio,,19,Terça-feira,Maio,,20,Quarta-feira,Maio,,21,Quinta-feira,Maio,,22,Sexta-feira,Maio,,23,Sábado,Maio,,24,Domingo,Maio,
25,Segunda-feira,Maio,,26,Terça-feira,Maio,,27,Quarta-feira,Maio,,28,Quinta-feira,Maio,,29,Sexta-feira,Maio,,30,Sábado,Maio,,31,Domingo,Maio,
01,Segunda-feira,Junho,,02,Terça-feira,Junho,,03,Quarta-feira,Junho,,04,Quinta-feira,Junho,,05,Sexta-feira,Junho,,06,Sábado,Junho,,07,Domingo,Junho,
08,Segunda-feira,Junho,,09,Terça-feira,Junho,,10,Quarta-feira,Junho,,11,Quinta-feira,Junho,,12,Sexta-feira,Junho,,13,Sábado,Junho,,14,Domingo,Junho,
15,Segunda-feira,Junho,,16,Terça-feira,Junho,,17,Quarta-feira,Junho,,18,Quinta-feira,Junho,,19,Sexta-feira,Junho,Corpus Christi,20,Sábado,Junho,,21,Domingo,Junho,
22,Segunda-feira,Junho,,23,Terça-feira,Junho,,24,Quarta-feira,Junho,,25,Quinta-feira,Junho,,26,Sexta-feira,Junho,,27,Sábado,Junho,,28,Domingo,Junho,
29,Segunda-feira,Junho,,30,Terça-feira,Junho,,,,,,,,,,,,,,,,,,,,,
,,,,,,,,01,Quarta-feira,Julho,,02,Quinta-feira,Julho,,03,Sexta-feira,Julho,,04,Sábado,Julho,,05,Domingo,Julho,
06,Segunda-feira,Julho,,07,Terça-feira,Julho,,08,Quarta-feira,Julho,,09,Quinta-feira,Julho,,10,Sexta-feira,Julho,,11,Sábado,Julho,,12,Domingo,Julho,
13,Segunda-feira,Julho,,14,Terça-feira,Julho,,15,Quarta-feira,Julho,,16,Quinta-feira,Julho,,17,Sexta-feira,Julho,,18,Sábado,Julho,,19,Domingo,Julho,
20,Segunda-feira,Julho,,21,Terça-feira,Julho,,22,Quarta-feira,Julho,,23,Quinta-feira,Julho,,24,Sexta-feira,Julho,,25,Sábado,Julho,,26,Domingo,Julho,
27,Segunda-feira,Julho,,28,Terça-feira,Julho,,29,Quarta-feira,Julho,,30,Quinta-feira,Julho,,31,Sexta-feira,Julho,,,,,,,,,
,,,,,,,,,,,,,,,,,,,,01,Sábado,Agosto,,02,Domingo,Agosto,
03,Segunda-feira,Agosto,,04,Terça-feira,Agosto,,05,Quarta-feira,Agosto,,06,Quinta-feira,Agosto,,07,Sexta-feira,Agosto,,08,Sábado,Agosto,,09,Domingo,Agosto,
10,Segunda-feira,Agosto,,11,Terça-feira,Agosto,,12,Quarta-feira,Agosto,,13,Quinta-feira,Agosto,,14,Sexta-feira,Agosto,,15,Sábado,Agosto,,16,Domingo,Agosto,
17,Segunda-feira,Agosto,,18,Terça-feira,Agosto,,19,Quarta-feira,Agosto,,20,Quinta-feira,Agosto,,21,Sexta-feira,Agosto,,22,Sábado,Agosto,,23,Domingo,Agosto,
24,Segunda-feira,Agosto,,25,Terça-feira,Agosto,,26,Quarta-feira,Agosto,,27,Quinta-feira,Agosto,,28,Sexta-feira,Agosto,,29,Sábado,Agosto,,30,Domingo,Agosto,
31,Segunda-feira,Agosto,,,,,,,,,,,,,,,,,,,,,,,,,
,,,,01,Terça-feira,Setembro,,02,Quarta-feira,Setembro,,03,Quinta-feira,Setembro,,04,Sexta-feira,Setembro,,05,Sábado,Setembro,,06,Domingo,Setembro,
07,Segunda-feira,Setembro,Independência do Brasil,08,Terça-feira,Setembro,,09,Quarta-feira,Setembro,,10,Quinta-feira,Setembro,,11,Sexta-feira,Setembro,,12,Sábado,Setembro,,13,Domingo,Setembro,
14,Segunda-feira,Setembro,,15,Terça-feira,Setembro,,16,Quarta-feira,Setembro,,17,Quinta-feira,Setembro,,18,Sexta-feira,Setembro,,19,Sábado,Setembro,,20,Domingo,Setembro,
21,Segunda-feira,Setembro,,22,Terça-feira,Setembro,,23,Quarta-feira,Setembro,,24,Quinta-feira,Setembro,,25,Sexta-feira,Setembro,,26,Sábado,Setembro,,27,Domingo,Setembro,
28,Segunda-feira,Setembro,,29,Terça-feira,Setembro,,30,Quarta-feira,Setembro,,,,,,,,,,,,,,,,,
,,,,,,,,,,,,01,Quinta-feira,Outubro,,02,Sexta-feira,Outubro,,03,Sábado,Outubro,,04,Domingo,Outubro,
05,Segunda-feira,Outubro,,06,Terça-feira,Outubro,,07,Quarta-feira,Outubro,,08,Quinta-feira,Outubro,,09,Sexta-feira,Outubro,,10,Sábado,Outubro,,11,Domingo,Outubro,
12,Segunda-feira,Outubro,Nossa Sr.a Aparecida,13,Terça-feira,Outubro,,14,Quarta-feira,Outubro,,15,Quinta-feira,Outubro,,16,Sexta-feira,Outubro,,17,Sábado,Outubro,,18,Domingo,Outubro,
19,Segunda-feira,Outubro,,20,Terça-feira,Outubro,,21,Quarta-feira,Outubro,,22,Quinta-feira,Outubro,,23,Sexta-feira,Outubro,,24,Sábado,Outubro,,25,Domingo,Outubro,
26,Segunda-feira,Outubro,,27,Terça-feira,Outubro,,28,Quarta-feira,Outubro,,29,Quinta-feira,Outubro,,30,Sexta-feira,Outubro,,31,Sábado,Outubro,,,,,
,,,,,,,,,,,,,,,,,,,,,,,,01,Domingo,Novembro,
02,Segunda-feira,Novembro,Finados,03,Terça-feira,Novembro,,04,Quarta-feira,Novembro,,05,Quinta-feira,Novembro,,06,Sexta-feira,Novembro,,07,Sábado,Novembro,,08,Domingo,Novembro,
09,Segunda-feira,Novembro,,10,Terça-feira,Novembro,,11,Quarta-feira,Novembro,,12,Quinta-feira,Novembro,,13,Sexta-feira,Novembro,,14,Sábado,Novembro,,15,Domingo,Novembro,Proclamação da República
16,Segunda-feira,Novembro,,17,Terça-feira,Novembro,,18,Quarta-feira,Novembro,,19,Quinta-feira,Novembro,,20,Sexta-feira,Novembro,Consciência Negra,21,Sábado,Novembro,,22,Domingo,Novembro,
23,Segunda-feira,Novembro,,24,Terça-feira,Novembro,,25,Quarta-feira,Novembro,,26,Quinta-feira,Novembro,,27,Sexta-feira,Novembro,,28,Sábado,Novembro,,29,Domingo,Novembro,
30,Segunda-feira,Novembro,,,,,,,,,,,,,,,,,,,,,,,,,
,,,,01,Terça-feira,Dezembro,,02,Quarta-feira,Dezembro,,03,Quinta-feira,Dezembro,,04,Sexta-feira,Dezembro,,05,Sábado,Dezembro,,06,Domingo,Dezembro,
07,Segunda-feira,Dezembro,,08,Terça-feira,Dezembro,,09,Quarta-feira,Dezembro,,10,Quinta-feira,Dezembro,,11,Sexta-feira,Dezembro,,12,Sábado,Dezembro,,13,Domingo,Dezembro,
14,Segunda-feira,Dezembro,,15,Terça-feira,Dezembro,,16,Quarta-feira,Dezembro,,17,Quinta-feira,Dezembro,,18,Sexta-feira,Dezembro,,19,Sábado,Dezembro,,20,Domingo,Dezembro,
21,Segunda-feira,Dezembro,,22,Terça-feira,Dezembro,,23,Quarta-feira,Dezembro,,24,Quinta-feira,Dezembro,,25,Sexta-feira,Dezembro,Natal,26,Sábado,Dezembro,,27,Domingo,Dezembro,
28,Segunda-feira,Dezembro,,29,Terça-feira,Dezembro,,30,Quarta-feira,Dezembro,,31,Quinta-feira,Dezembro,,,,,,,,,,,,,
